vendor_id,user_id,event_type,object_type,object_id,action,result,ts
00000000-0000-4000-8000-000000000019,00000000-0000-4000-8000-000000000002,APPROVE,REQUIREMENT,00000000-0000-4000-8000-00000000002a,Approved requirement,SUCCESS,2026-06-24 15:41
00000000-0000-4000-8000-000000000019,00000000-0000-4000-8000-000000000002,COMMENT,REQUIREMENT,00000000-0000-4000-8000-000000000027,Commented on,SUCCESS,2026-06-24 10:32
00000000-0000-4000-8000-000000000019,00000000-0000-4000-8000-000000000006,EDIT,REQUIREMENT,00000000-0000-4000-8000-000000000027,Edited Check content,SUCCESS,2026-06-24 09:10
00000000-0000-4000-8000-000000000019,00000000-0000-4000-8000-000000000007,STATUS,REQUIREMENT,00000000-0000-4000-8000-000000000028,Returned for revision,SUCCESS,2026-06-23 15:40
00000000-0000-4000-8000-000000000019,00000000-0000-4000-8000-000000000003,COMMENT,REQUIREMENT,00000000-0000-4000-8000-000000000028,Commented on,SUCCESS,2026-06-23 15:01
00000000-0000-4000-8000-000000000019,00000000-0000-4000-8000-000000000003,EDIT,REQUIREMENT,00000000-0000-4000-8000-000000000028,Edited Status Justification,SUCCESS,2026-06-23 15:00
00000000-0000-4000-8000-000000000019,00000000-0000-4000-8000-000000000007,ASSIGN,REQUIREMENT,00000000-0000-4000-8000-00000000002b,Assigned requirement,SUCCESS,2026-06-23 11:20
00000000-0000-4000-8000-000000000019,00000000-0000-4000-8000-000000000003,CREATE,REQUIREMENT,00000000-0000-4000-8000-000000000029,Created requirement,SUCCESS,2026-06-21 16:44
00000000-0000-4000-8000-000000000019,00000000-0000-4000-8000-000000000003,EDIT,REQUIREMENT,00000000-0000-4000-8000-000000000026,Edited Fix content,SUCCESS,2026-06-20 11:20
00000000-0000-4000-8000-000000000019,00000000-0000-4000-8000-000000000003,STATUS,REQUIREMENT,00000000-0000-4000-8000-00000000002a,Submitted for review,SUCCESS,2026-06-19 09:15
