vendor_id,requirement_id,comment_text,created_by,created_at
00000000-0000-4000-8000-000000000019,00000000-0000-4000-8000-000000000028,The check only covers the console session timeout. Client session forced-logoff needs to be addressed for full coverage.,00000000-0000-4000-8000-000000000007,2026-06-23 14:22
00000000-0000-4000-8000-000000000019,00000000-0000-4000-8000-000000000028,Understood — splitting client session forced-logoff into HRZN-8X-000081 and revising this rule to console scope.,00000000-0000-4000-8000-000000000003,2026-06-23 15:01
00000000-0000-4000-8000-000000000019,00000000-0000-4000-8000-000000000028,Returned for that revision. Ping me when ready to re-submit.,00000000-0000-4000-8000-000000000007,2026-06-23 15:40
00000000-0000-4000-8000-000000000019,00000000-0000-4000-8000-000000000028,Moderator note: hold this in Tech Edit until the forced-logoff split is verified. Do not advance to PMRC yet.,00000000-0000-4000-8000-000000000005,2026-06-24 08:15
00000000-0000-4000-8000-000000000019,00000000-0000-4000-8000-000000000027,Added locked.properties reference and SSL Labs artifact. Submitting for approval.,00000000-0000-4000-8000-000000000006,2026-06-24 09:10
00000000-0000-4000-8000-000000000019,00000000-0000-4000-8000-000000000027,Confirm the preferredSecureProtocol line is also present before approval.,00000000-0000-4000-8000-000000000002,2026-06-24 10:32
00000000-0000-4000-8000-000000000019,00000000-0000-4000-8000-000000000026,Approved. Banner verbiage matches the DoD standard.,00000000-0000-4000-8000-000000000002,2026-06-20 08:00
00000000-0000-4000-8000-000000000019,00000000-0000-4000-8000-00000000002a,Senior review: MFA rule looks solid. Approving the draft to advance toward Tech Edit.,00000000-0000-4000-8000-000000000005,2026-06-24 16:05
00000000-0000-4000-8000-000000000019,00000000-0000-4000-8000-00000000002c,Senior review: FIPS rebuild dependency must be documented in the artifact before this can move to PMRC.,00000000-0000-4000-8000-000000000005,2026-06-24 16:20
