requirement_id,cci_id
00000000-0000-4000-8000-000000000026,00000000-0000-4000-8000-000000000009
00000000-0000-4000-8000-000000000026,00000000-0000-4000-8000-00000000000a
00000000-0000-4000-8000-000000000027,00000000-0000-4000-8000-000000000011
00000000-0000-4000-8000-000000000028,00000000-0000-4000-8000-00000000000b
00000000-0000-4000-8000-000000000029,00000000-0000-4000-8000-000000000010
00000000-0000-4000-8000-00000000002a,00000000-0000-4000-8000-00000000000e
00000000-0000-4000-8000-00000000002b,00000000-0000-4000-8000-00000000000d
00000000-0000-4000-8000-00000000002c,00000000-0000-4000-8000-00000000000f
00000000-0000-4000-8000-00000000002d,00000000-0000-4000-8000-00000000000c
