table,ordinal,column,type,nullable,key,default,references,allowed_values,description
app_user,1,user_id,UUID,NO,PK,gen_random_uuid(),,,
app_user,2,external_subject_id,VARCHAR,YES,UQ,,,,Keycloak JWT 'sub'
app_user,3,username,VARCHAR,NO,,,,,
app_user,4,display_name,VARCHAR,YES,,,,,
app_user,5,email,VARCHAR,YES,,,,,
app_user,6,initials,VARCHAR(4),YES,,,,,"[MOCKUP] avatar initials (TB, JV...)"
app_user,7,is_global,BOOLEAN,NO,,false,,,[MOCKUP] government user (Gov SME/PMRC/Senior Review) not bound to one vendor
app_user,8,active,BOOLEAN,NO,,true,,,
app_user,9,created_at,TIMESTAMPTZ,NO,,now(),,,
app_user,10,updated_at,TIMESTAMPTZ,NO,,now(),,,
vendor,1,vendor_id,UUID,NO,PK,gen_random_uuid(),,,
vendor,2,vendor_name,VARCHAR,NO,,,,,
vendor,3,vendor_code,VARCHAR,NO,UQ,,,,
vendor,4,vendor_org,VARCHAR,YES,,,,,[MOCKUP] parent org label (e.g. Rancher under SUSE)
vendor,5,description,TEXT,YES,,,,,
vendor,6,active,BOOLEAN,NO,,true,,,
vendor,7,created_at,TIMESTAMPTZ,NO,,now(),,,
vendor,8,updated_at,TIMESTAMPTZ,NO,,now(),,,
user_vendor_access,1,user_vendor_access_id,UUID,NO,PK,gen_random_uuid(),,,
user_vendor_access,2,user_id,UUID,NO,FK,,app_user.user_id,,
user_vendor_access,3,vendor_id,UUID,YES,FK,,vendor.vendor_id,,NULL = global/government scope [MOCKUP]
user_vendor_access,4,access_role,VARCHAR,NO,,,,"AUTHOR, REVIEWER, APPROVER, READ_ONLY, VENDOR_LEAD, GOV_SME, PMRC, SENIOR_REVIEWER",
user_vendor_access,5,granted_by,UUID,YES,FK,,app_user.user_id,,
user_vendor_access,6,granted_at,TIMESTAMPTZ,NO,,now(),,,
user_vendor_access,7,expires_at,TIMESTAMPTZ,YES,,,,,
user_vendor_access,8,active,BOOLEAN,NO,,true,,,
srg,1,srg_id,UUID,NO,PK,gen_random_uuid(),,,
srg,2,parent_srg_id,UUID,YES,FK,,srg.srg_id,,NULL = Core SRG; else derived-from
srg,3,srg_code,VARCHAR,NO,UQ,,,,e.g. 'Virtualization SRG'
srg,4,srg_name,VARCHAR,NO,,,,,
srg,5,srg_type,VARCHAR,YES,,,,,CORE | DERIVED
srg,6,version,VARCHAR,YES,,,,,
srg,7,release,VARCHAR,YES,,,,,
srg,8,description,TEXT,YES,,,,,
srg,9,active,BOOLEAN,NO,,true,,,
srg_requirement,1,srg_requirement_id,UUID,NO,PK,gen_random_uuid(),,,
srg_requirement,2,srg_id,UUID,NO,FK,,srg.srg_id,,
srg_requirement,3,parent_srg_requirement_id,UUID,YES,FK,,srg_requirement.srg_requirement_id,,
srg_requirement,4,srg_requirement_code,VARCHAR,NO,,,,,e.g. 'SRG-OS-000023-VMM-000060'
srg_requirement,5,requirement_text,TEXT,YES,,,,,
srg_requirement,6,discussion,TEXT,YES,,,,,
srg_requirement,7,check_text,TEXT,YES,,,,,
srg_requirement,8,fix_text,TEXT,YES,,,,,
srg_requirement,9,severity,VARCHAR,YES,,,,"CAT_I, CAT_II, CAT_III",
srg_requirement,10,default_ia_control,VARCHAR,YES,,,,,[MOCKUP] IA control shown on SRG rows (AC-8...)
srg_requirement,11,source_version,VARCHAR,YES,,,,,
cci,1,cci_id,UUID,NO,PK,gen_random_uuid(),,,
cci,2,cci_number,VARCHAR,NO,UQ,,,,'CCI-000048'
cci,3,definition,TEXT,YES,,,,,
cci,4,nist_control,VARCHAR,YES,,,,,[MOCKUP] mapped NIST control ('AC-8 a')
cci,5,status,VARCHAR,YES,,,,,
cci,6,reference_source,VARCHAR,YES,,,,,
product,1,product_id,UUID,NO,PK,gen_random_uuid(),,,
product,2,vendor_id,UUID,NO,FK,,vendor.vendor_id,,
product,3,product_name,VARCHAR,NO,,,,,
product,4,description,TEXT,YES,,,,,
product,5,active,BOOLEAN,NO,,true,,,
product,6,created_at,TIMESTAMPTZ,NO,,now(),,,
product,7,updated_at,TIMESTAMPTZ,NO,,now(),,,
stig_project,1,project_id,UUID,NO,PK,gen_random_uuid(),,,
stig_project,2,vendor_id,UUID,NO,FK,,vendor.vendor_id,,
stig_project,3,product_id,UUID,NO,FK,,product.product_id,,
stig_project,4,source_srg_id,UUID,YES,FK,,srg.srg_id,,
stig_project,5,project_name,VARCHAR,NO,,,,,
stig_project,6,product_version,VARCHAR,YES,,,,,
stig_project,7,stig_version,VARCHAR,YES,,,,,e.g. 'V1R2 (Draft)'
stig_project,8,stig_release,VARCHAR,YES,,,,,
stig_project,9,phase,VARCHAR,YES,,,,"VENDOR_DRAFT, STIG_DRAFT, STIG_TESTING, TECH_EDITS, DELIVERY",[MOCKUP]
stig_project,10,workflow_status,VARCHAR,YES,,,,"VENDOR_PROGRESS, VENDOR_READY, READY_TESTING, READY_TECHEDIT, READY_PMRC, PMRC, DELIVERED",[MOCKUP] pipeline stage
stig_project,11,assigned_writer,UUID,YES,FK,,app_user.user_id,,[MOCKUP] project lead / STIG writer
stig_project,12,created_by,UUID,YES,FK,,app_user.user_id,,
stig_project,13,created_at,TIMESTAMPTZ,NO,,now(),,,
stig_project,14,updated_by,UUID,YES,FK,,app_user.user_id,,
stig_project,15,updated_at,TIMESTAMPTZ,NO,,now(),,,
requirement,1,requirement_id,UUID,NO,PK,gen_random_uuid(),,,
requirement,2,vendor_id,UUID,NO,FK,,vendor.vendor_id,,
requirement,3,project_id,UUID,NO,FK,,stig_project.project_id,,
requirement,4,source_srg_requirement_id,UUID,YES,FK,,srg_requirement.srg_requirement_id,,
requirement,5,satisfied_by_requirement_id,UUID,YES,FK,,requirement.requirement_id,,"[MOCKUP] duplicate/""Satisfied By"" grouping"
requirement,6,srg_id,VARCHAR,YES,,,,,denormalized SRG code shown in grid
requirement,7,stig_id,VARCHAR,NO,,,,,'HRZN-8X-000010' (draft STIGs have no Vuln ID)
requirement,8,ia_control,VARCHAR,YES,,,,,[MOCKUP] IA control column (AC-8)
requirement,9,requirement_text,TEXT,YES,,,,,UI 'Requirement' / title
requirement,10,vul_discussion,TEXT,YES,,,,,
requirement,11,status,VARCHAR,YES,,,,"MEETS, CONFIGURABLE, DOES_NOT_MEET, INHERENTLY_MEETS, NOT_APPLICABLE",requirement determination
requirement,12,check_text,TEXT,YES,,,,,
requirement,13,fix_text,TEXT,YES,,,,,
requirement,14,severity,VARCHAR,YES,,,,"CAT_I, CAT_II, CAT_III",
requirement,15,mitigation,TEXT,YES,,,,,
requirement,16,artifact_description,TEXT,YES,,,,,
requirement,17,status_justification,TEXT,YES,,,,,
requirement,18,notes,TEXT,YES,,,,,
requirement,19,approval_status,VARCHAR,YES,,,,"APPROVED, PENDING_APPROVAL, RETURNED",[MOCKUP] review outcome
requirement,20,workflow_status,VARCHAR,YES,,,,,optional per-rule state
requirement,21,current_revision,INTEGER,NO,,1,,,
requirement,22,assigned_to,UUID,YES,FK,,app_user.user_id,,[MOCKUP] per-requirement assignee
requirement,23,created_by,UUID,YES,FK,,app_user.user_id,,
requirement,24,created_at,TIMESTAMPTZ,NO,,now(),,,
requirement,25,updated_by,UUID,YES,FK,,app_user.user_id,,
requirement,26,updated_at,TIMESTAMPTZ,NO,,now(),,,
requirement,27,reviewed_by,UUID,YES,FK,,app_user.user_id,,
requirement,28,reviewed_at,TIMESTAMPTZ,YES,,,,,
requirement,29,approved_by,UUID,YES,FK,,app_user.user_id,,
requirement,30,approved_at,TIMESTAMPTZ,YES,,,,,
requirement_cci,1,requirement_id,UUID,NO,FK,,requirement.requirement_id,,
requirement_cci,2,cci_id,UUID,NO,FK,,cci.cci_id,,
requirement_revision,1,revision_id,UUID,NO,PK,gen_random_uuid(),,,
requirement_revision,2,requirement_id,UUID,NO,FK,,requirement.requirement_id,,
requirement_revision,3,vendor_id,UUID,NO,FK,,vendor.vendor_id,,
requirement_revision,4,revision_number,INTEGER,NO,,,,,
requirement_revision,5,srg_id,VARCHAR,YES,,,,,
requirement_revision,6,stig_id,VARCHAR,YES,,,,,
requirement_revision,7,requirement_text,TEXT,YES,,,,,
requirement_revision,8,vul_discussion,TEXT,YES,,,,,
requirement_revision,9,status,VARCHAR,YES,,,,,
requirement_revision,10,check_text,TEXT,YES,,,,,
requirement_revision,11,fix_text,TEXT,YES,,,,,
requirement_revision,12,severity,VARCHAR,YES,,,,,
requirement_revision,13,mitigation,TEXT,YES,,,,,
requirement_revision,14,artifact_description,TEXT,YES,,,,,
requirement_revision,15,status_justification,TEXT,YES,,,,,
requirement_revision,16,notes,TEXT,YES,,,,,
requirement_revision,17,created_by,UUID,YES,FK,,app_user.user_id,,
requirement_revision,18,created_at,TIMESTAMPTZ,NO,,now(),,,
requirement_field_change,1,change_id,UUID,NO,PK,gen_random_uuid(),,,
requirement_field_change,2,requirement_id,UUID,NO,FK,,requirement.requirement_id,,
requirement_field_change,3,vendor_id,UUID,NO,FK,,vendor.vendor_id,,
requirement_field_change,4,field_name,VARCHAR,NO,,,,,'status' | 'check' | 'approval_status' ...
requirement_field_change,5,old_value,TEXT,YES,,,,,
requirement_field_change,6,new_value,TEXT,YES,,,,,
requirement_field_change,7,changed_by,UUID,YES,FK,,app_user.user_id,,
requirement_field_change,8,changed_at,TIMESTAMPTZ,NO,,now(),,,
comment,1,comment_id,UUID,NO,PK,gen_random_uuid(),,,
comment,2,vendor_id,UUID,NO,FK,,vendor.vendor_id,,
comment,3,requirement_id,UUID,NO,FK,,requirement.requirement_id,,
comment,4,field_name,VARCHAR,YES,,,,,portion under discussion
comment,5,comment_text,TEXT,NO,,,,,
comment,6,created_by,UUID,YES,FK,,app_user.user_id,,
comment,7,created_at,TIMESTAMPTZ,NO,,now(),,,
comment,8,resolved_by,UUID,YES,FK,,app_user.user_id,,
comment,9,resolved_at,TIMESTAMPTZ,YES,,,,,
document,1,document_id,UUID,NO,PK,gen_random_uuid(),,,
document,2,vendor_id,UUID,NO,FK,,vendor.vendor_id,,
document,3,project_id,UUID,YES,FK,,stig_project.project_id,,
document,4,requirement_id,UUID,YES,FK,,requirement.requirement_id,,
document,5,document_type,VARCHAR,YES,,,,,
document,6,title,VARCHAR,NO,,,,,
document,7,file_name,VARCHAR,YES,,,,,
document,8,object_key,VARCHAR,YES,,,,,object storage; files are NOT in PG
document,9,url,TEXT,YES,,,,,
document,10,uploaded_by,UUID,YES,FK,,app_user.user_id,,
document,11,uploaded_at,TIMESTAMPTZ,NO,,now(),,,
requirement_test,1,test_id,UUID,NO,PK,gen_random_uuid(),,,
requirement_test,2,requirement_id,UUID,NO,FK,,requirement.requirement_id,,
requirement_test,3,vendor_id,UUID,NO,FK,,vendor.vendor_id,,
requirement_test,4,determination_status,VARCHAR,YES,,,,,mirrors requirement.status at test time
requirement_test,5,security_feature_met,BOOLEAN,YES,,,,,'Y'/'N' in UI
requirement_test,6,check_valid,BOOLEAN,YES,,,,,
requirement_test,7,fix_valid,BOOLEAN,YES,,,,,
requirement_test,8,inspec_control,VARCHAR,YES,,,,,
requirement_test,9,test_comments,TEXT,YES,,,,,
requirement_test,10,tested_by,UUID,YES,FK,,app_user.user_id,,
requirement_test,11,tested_at,TIMESTAMPTZ,NO,,now(),,,
audit_event,1,audit_event_id,UUID,NO,PK,gen_random_uuid(),,,
audit_event,2,vendor_id,UUID,YES,FK,,vendor.vendor_id,,
audit_event,3,user_id,UUID,YES,FK,,app_user.user_id,,
audit_event,4,event_type,VARCHAR,NO,,,,,"REQUIREMENT_UPDATED, COMMENT_CREATED ..."
audit_event,5,object_type,VARCHAR,YES,,,,,REQUIREMENT | COMMENT | PROJECT ...
audit_event,6,object_id,UUID,YES,,,,,
audit_event,7,action,VARCHAR,YES,,,,,
audit_event,8,result,VARCHAR,YES,,,,,
audit_event,9,ts,TIMESTAMPTZ,NO,,now(),,,
audit_event,10,source_ip,VARCHAR,YES,,,,,
audit_event,11,request_id,VARCHAR,YES,,,,,
audit_event,12,details,JSONB,YES,,,,,
